playerPlaymakingAbilityId,birthId,organizationId,assists,touches,dribbles,pass_targets
502,424,0,0,467,12,401
504,424,0,1,467,12,401
40,499,1,1,205,11,267
70,83,1,0,1159,23,761
131,3,1,2,1579,50,1034
326,167,1,0,2261,3,1509
363,627,1,1,2313,13,1633
396,336,1,4,1404,48,1300
535,481,1,5,1447,101,1648
641,401,1,4,1098,19,924
739,80,1,1,316,8,389
741,80,1,1,316,8,389
770,113,1,2,1715,15,1222
823,568,1,2,1066,99,1106
1141,490,1,2,1325,10,832
203,252,2,0,1241,30,835
235,86,2,3,637,74,615
362,494,2,2,187,22,187
370,528,2,5,1410,44,1065
380,615,2,2,1374,54,1130
383,211,2,3,1868,22,1451
444,234,2,2,1338,10,1021
485,616,2,1,828,17,588
539,169,2,1,466,21,655
737,539,2,0,1220,8,925
776,88,2,5,947,117,1045
836,658,2,1,2298,16,1703
847,140,2,6,933,87,881
1056,676,2,0,235,37,230
1057,467,2,0,174,3,150
1067,60,2,0,0,0,4
1135,668,2,2,2137,14,1443
1157,428,2,6,1826,115,2046
47,606,3,1,1419,6,770
204,512,3,2,1032,63,1307
441,439,3,0,72,5,112
1130,671,3,2,947,42,1284
33,322,4,1,1906,36,1167
55,104,4,0,1058,0,514
157,198,4,0,1015,8,663
176,621,4,0,110,5,75
201,178,4,1,1236,3,862
216,334,4,0,247,4,141
372,270,4,0,992,54,782
374,270,4,8,992,54,782
414,32,4,0,1833,45,1120
446,109,4,1,1646,23,1055
479,407,4,2,1106,28,871
550,226,4,8,1934,46,1262
751,137,4,0,475,2,219
848,350,4,0,540,48,546
888,59,4,2,1098,66,1197
1046,150,4,0,29,2,22
1069,486,4,0,1789,8,1238
1133,133,4,2,818,19,994
871,275,5,1,881,48,1390
941,176,5,4,1135,23,1001
1072,294,5,2,1508,5,948
22,19,6,1,392,5,189
49,238,7,3,996,30,1198
63,233,6,1,952,7,512
79,154,7,5,1104,101,954
102,485,7,1,1518,15,954
150,348,6,1,122,5,158
164,465,7,2,1824,1,1149
253,74,6,0,130,10,173
388,571,6,1,50,5,21
392,509,6,2,1169,12,706
430,437,6,2,678,11,308
469,608,6,1,1045,120,985
475,305,6,0,365,19,296
477,305,6,1,365,19,296
517,218,7,3,1676,97,1959
579,453,6,0,135,0,69
600,468,6,1,130,4,128
602,468,6,0,130,4,128
644,105,7,0,1068,0,371
787,499,7,0,892,2,530
789,499,7,0,892,2,530
797,299,7,0,210,6,178
799,299,7,1,210,6,178
887,105,7,2,907,42,806
895,454,7,1,1570,12,951
907,42,6,0,322,12,318
943,69,6,6,887,72,1214
1015,345,7,0,883,15,729
1017,345,7,0,883,15,729
1078,446,7,0,1047,26,857
1104,329,6,1,366,5,244
1134,610,6,3,1017,112,937
1136,576,6,1,352,11,465
4,504,8,0,1345,44,989
5,382,9,6,942,74,917
7,446,9,3,676,33,534
64,551,8,1,869,50,734
71,578,8,1,1532,15,963
78,446,9,2,850,33,1132
143,352,9,4,1492,21,890
188,141,8,1,1313,23,823
339,114,9,0,524,38,420
352,538,9,0,1175,5,662
360,439,9,0,1990,56,1371
379,446,9,5,2054,29,1555
381,446,9,0,763,3,484
548,147,9,0,3,0,2
574,249,9,1,772,58,862
599,468,8,1,314,6,396
601,468,8,0,314,6,396
702,181,8,0,161,6,194
704,181,8,5,161,6,194
743,10,9,2,929,19,695
801,120,8,0,778,72,536
897,507,9,0,6,0,8
925,226,8,2,1422,90,1048
926,611,8,5,2110,70,1288
973,411,9,2,737,64,749
992,644,9,2,353,33,319
1055,670,8,4,1213,90,1205
1071,224,8,0,510,8,293
1080,622,9,2,1569,30,927
1153,564,9,1,780,7,488
249,547,10,8,1019,78,1113
279,31,10,3,431,27,407
287,122,10,5,734,44,1223
366,664,10,0,1245,1,560
384,260,10,6,2141,46,1773
450,443,10,1,2049,30,1302
489,193,10,2,2330,88,1560
515,33,10,1,609,13,429
534,578,10,4,1107,68,1122
554,214,10,2,695,32,537
821,463,10,3,622,29,494
884,300,10,3,426,29,583
931,153,10,3,2310,46,1634
1083,275,10,3,2010,83,1651
1131,339,10,1,2810,10,1906
1143,380,10,1,220,3,153
68,660,11,0,895,24,635
105,413,11,1,989,35,763
110,430,11,7,2366,43,1288
129,274,11,3,575,36,566
307,661,11,0,1456,1,636
393,122,11,1,973,34,1396
452,462,11,0,85,1,56
460,443,11,0,787,40,698
464,130,11,1,1573,5,1001
622,577,11,0,1118,34,770
873,595,11,0,1720,0,1064
918,379,11,3,1268,12,774
1137,149,11,3,1375,107,1507
186,323,12,8,542,36,571
219,487,12,7,1568,27,1207
282,364,12,2,706,11,572
284,460,12,0,1039,20,775
364,157,12,0,408,1,281
419,487,12,2,167,13,156
421,487,12,0,167,13,156
422,173,12,2,1179,40,1593
443,194,12,4,1471,62,1192
490,188,12,0,1623,15,1173
586,135,12,0,48,0,31
646,142,12,0,19,0,13
648,142,12,3,19,0,13
677,8,12,6,1086,19,724
678,8,12,"",1086,19,724
815,205,12,2,626,21,514
842,599,12,0,759,18,547
844,599,12,4,759,18,547
910,492,12,2,1171,16,935
915,482,12,0,97,0,43
922,89,12,3,1948,13,1317
1118,643,12,3,978,83,1217
1145,72,12,1,1286,13,914
31,232,13,0,1436,4,854
37,439,13,0,74,0,48
41,624,13,0,650,26,419
140,12,13,1,488,9,332
187,163,13,0,680,35,408
382,158,13,0,1256,15,841
518,79,13,3,1352,89,1231
626,126,13,2,582,19,463
673,633,13,5,1484,41,1388
698,439,13,0,16,4,10
802,117,13,3,1985,47,1232
869,471,13,0,515,39,450
917,138,13,3,992,15,613
955,64,13,0,39,1,74
957,64,13,0,39,1,74
1000,307,13,0,391,14,465
1012,64,13,6,1570,135,1418
1039,582,13,2,841,68,801
1041,582,13,2,841,68,801
1,23,14,0,811,14,570
17,562,14,0,261,14,345
19,562,14,2,261,14,345
174,99,14,2,2000,56,1549
208,446,14,4,2137,70,1504
263,66,14,7,2957,67,2128
270,523,14,3,1866,22,1197
337,88,14,1,1745,23,1226
340,386,14,1,468,30,459
342,386,14,2,468,30,459
688,655,14,3,1524,168,1480
762,488,14,1,788,17,1023
778,613,14,0,707,11,452
796,299,14,0,438,16,477
798,299,14,1,438,16,477
807,375,14,0,2226,9,1501
833,351,14,0,557,1,411
1116,124,14,1,185,0,73
28,605,15,0,1318,10,982
43,221,15,1,1341,38,941
53,540,15,2,889,14,675
67,510,15,1,836,20,610
77,318,15,1,987,43,690
346,487,15,2,1148,9,815
355,485,15,5,597,32,509
357,485,15,1,597,32,509
365,515,15,10,1612,78,1369
401,442,15,7,1087,41,1353
403,557,15,0,191,21,173
466,642,15,0,161,8,161
549,594,15,3,452,17,462
553,648,15,1,1610,4,1290
589,142,15,0,1084,3,487
745,482,15,5,2527,72,2034
752,509,15,2,1723,28,1204
902,362,15,0,97,0,61
904,362,15,0,97,0,61
1154,537,15,2,1381,222,1437
264,61,16,1,954,2,671
353,200,16,1,1091,16,767
387,24,16,6,1126,132,1103
499,289,16,0,308,0,135
675,225,16,4,786,46,906
700,597,16,1,515,33,415
718,674,16,0,234,16,266
834,273,16,5,1069,48,835
854,560,16,2,1492,41,1134
942,215,16,3,1248,49,1528
953,92,16,0,421,6,302
985,493,16,1,1028,18,715
987,631,16,5,98,5,89
989,631,16,0,98,5,89
1031,273,16,2,1179,44,768
1044,259,16,2,2145,32,1643
1128,282,16,0,837,35,548
1146,313,16,1,664,16,422
13,412,17,0,326,17,416
213,487,17,2,946,45,1011
322,585,17,1,1941,23,1167
394,115,17,1,2089,110,1572
425,589,17,0,2,0,1
494,316,17,0,1663,49,1450
647,142,17,0,476,6,340
649,142,17,3,476,6,340
706,398,17,0,1166,6,733
756,253,17,3,2161,69,1343
759,675,17,4,1967,20,1179
959,191,17,5,1081,103,1144
1090,132,17,0,387,7,610
1099,183,17,0,1694,11,965
221,83,18,5,1878,26,943
293,572,18,0,551,23,294
295,572,18,0,551,23,294
480,403,18,5,683,10,471
508,28,18,0,395,11,203
593,136,18,1,1112,12,609
627,285,18,1,1566,9,854
674,403,18,4,789,26,1020
824,77,18,0,744,18,424
860,68,18,0,282,1,171
862,68,18,0,282,1,171
879,175,18,3,1103,92,1137
1049,197,18,3,1257,27,828
1070,474,18,0,1367,1,493
1079,281,18,5,896,87,815
2,29,19,0,227,9,131
23,231,19,8,1891,33,815
25,243,20,1,2030,44,1632
36,566,20,0,1245,0,557
80,282,20,3,755,45,660
139,653,20,1,652,63,779
142,511,20,1,1377,24,916
162,353,19,2,736,36,698
207,658,21,1,496,23,402
250,607,20,0,2284,6,1625
255,325,20,0,23,3,36
256,325,20,0,23,3,36
259,325,20,3,23,3,36
260,325,20,3,23,3,36
341,386,20,1,898,52,851
343,386,20,2,898,52,851
408,500,21,0,142,1,86
529,142,20,0,21,1,22
559,88,21,0,608,6,388
573,393,21,0,1544,19,799
581,673,20,0,823,0,559
583,673,20,0,823,0,559
592,374,21,1,1210,35,861
605,612,19,2,172,13,231
614,482,20,2,1236,11,763
624,509,19,0,465,14,335
665,219,19,2,369,18,521
757,360,21,1,540,25,724
758,80,21,0,1148,0,425
790,57,21,1,647,51,547
791,338,21,3,1859,262,1956
792,262,21,0,3,0,3
794,262,21,1,3,0,3
808,368,19,1,1211,42,1710
817,123,19,0,1533,18,898
832,140,19,3,1479,39,750
864,247,20,0,504,0,340
914,372,21,3,1935,49,1347
939,537,20,3,2402,94,1714
950,47,21,1,865,5,457
965,263,20,5,887,38,826
966,537,21,2,1366,117,1682
970,410,20,0,2083,82,1453
1010,363,19,2,1547,38,934
1026,446,20,0,41,0,16
1028,446,20,0,41,0,16
1054,503,21,1,857,1,456
1082,91,20,0,419,10,334
1117,464,19,0,1114,7,526
46,80,22,1,710,26,1022
212,58,22,2,1188,39,700
233,446,22,1,703,22,555
306,446,22,1,1296,9,757
428,83,22,7,2504,85,1939
438,552,22,2,782,57,980
465,446,22,0,697,27,440
524,68,22,3,1542,34,875
686,271,22,0,1258,0,347
812,121,22,0,1159,40,818
875,389,22,0,1492,6,833
890,483,22,2,1133,59,995
1050,139,22,0,469,5,254
1052,139,22,0,469,5,254
1076,406,22,3,1281,65,1023
18,562,23,0,469,35,744
20,562,23,2,469,35,744
57,251,24,7,1904,49,1112
612,602,23,2,492,8,593
720,17,23,0,588,57,501
903,362,24,0,52,1,32
905,362,24,0,52,1,32
1095,18,23,0,1079,52,716
1097,18,23,2,1079,52,716
1149,146,23,1,607,52,775
1151,146,23,0,607,52,775
106,65,25,2,1322,25,994
115,492,25,0,9,0,15
118,619,25,0,205,4,140
175,319,25,5,2300,19,1709
189,461,25,7,1840,46,1392
238,370,25,4,1677,25,1344
309,450,25,3,1267,82,1110
470,451,25,1,2162,17,1448
582,673,25,0,183,1,106
584,673,25,0,183,1,106
595,179,25,0,217,7,177
621,170,25,1,1667,6,913
637,439,25,0,2,0,2
659,444,25,2,1941,37,1439
766,492,25,"",531,2,297
767,492,25,1,531,2,297
850,182,25,1,68,5,62
870,78,25,6,1980,21,1333
937,206,25,6,968,59,1244
1005,106,25,1,358,1,224
1007,106,25,0,358,1,224
1030,195,25,0,15,0,14
1040,582,25,2,93,6,148
1042,582,25,2,93,6,148
1073,592,25,1,798,62,858
99,315,26,1,1248,133,1293
169,577,26,0,2046,6,1357
206,324,26,0,99,5,99
283,423,26,2,2285,32,1569
397,387,26,0,1599,21,1186
500,637,26,0,903,0,238
526,331,26,0,153,13,159
668,309,26,9,1400,211,1394
684,220,26,1,1931,9,1201
708,355,26,1,1235,12,747
714,603,26,0,105,9,173
716,603,26,1,105,9,173
810,63,26,6,1489,110,1838
859,68,26,0,124,1,90
861,68,26,0,124,1,90
924,273,26,0,118,1,77
940,26,26,3,2158,53,1542
1113,584,26,6,2294,29,1512
83,460,27,0,611,18,382
85,460,27,0,611,18,382
95,155,27,2,1686,23,998
376,487,27,0,292,22,266
378,487,27,0,292,22,266
399,580,27,3,1049,62,891
462,511,27,1,340,9,240
645,354,27,1,1828,30,1101
998,237,27,8,1646,150,1588
65,228,28,0,93,0,69
137,486,28,0,715,4,464
178,134,28,0,813,11,602
202,278,28,2,891,27,591
315,509,28,8,1455,110,1663
412,447,28,"",534,41,656
413,447,28,2,534,41,656
423,88,28,0,414,5,270
512,630,28,0,211,16,178
514,400,28,13,1145,97,1016
543,34,28,0,420,2,307
545,34,28,1,420,2,307
623,44,28,1,680,26,567
669,81,28,2,675,31,655
765,328,28,1,1571,27,1051
773,286,28,1,489,21,454
820,254,28,2,584,12,467
835,350,28,1,1347,1,700
840,468,28,0,36,1,41
857,234,28,6,1593,51,1143
889,506,28,1,2095,23,1436
930,664,28,6,548,25,716
932,656,28,1,2240,32,1597
977,489,28,0,1235,21,1003
979,489,28,0,1235,21,1003
981,90,28,1,156,11,176
983,90,28,0,156,11,176
1022,468,28,7,1825,39,1505
81,572,29,1,1416,71,850
117,519,29,1,256,13,132
312,431,29,1,1217,80,692
431,125,29,0,512,11,361
451,327,29,0,1159,8,702
557,343,29,8,1860,30,1151
606,318,29,2,928,28,653
809,201,29,2,711,13,731
868,669,29,3,1189,47,1581
938,223,29,4,1086,77,984
991,441,29,3,939,45,764
1020,140,29,1,1480,6,852
1043,36,29,1,294,13,385
1047,426,29,1,1261,25,756
179,308,30,4,794,150,773
181,248,30,0,495,7,223
226,186,30,2,1293,26,873
285,417,30,0,1074,12,565
467,88,30,0,249,3,117
482,110,30,1,850,16,555
493,457,30,1,540,6,311
552,558,30,2,1309,93,1281
570,379,30,0,505,6,312
572,379,30,0,505,6,312
617,73,30,2,755,39,407
697,298,30,1,850,14,558
856,333,30,2,1224,74,1573
882,312,30,0,1016,19,564
886,229,30,2,1091,45,719
1036,391,30,2,243,5,303
1100,555,30,2,1561,14,865
155,382,31,2,575,33,840
222,199,31,0,9,0,7
223,199,31,0,9,0,7
237,38,31,0,1542,36,920
248,246,31,0,1540,3,720
318,304,31,0,281,4,117
407,403,31,2,1354,44,1189
598,403,31,0,326,11,158
661,246,31,0,831,16,493
755,164,31,1,138,17,158
934,95,31,5,2256,108,1348
949,246,31,8,1472,53,1202
15,429,32,4,1078,50,974
135,50,32,1,1651,10,791
173,358,32,1,509,15,363
429,509,32,2,1435,25,1636
578,588,32,0,93,0,40
596,265,32,0,1119,21,525
666,518,32,0,46,4,64
775,116,32,0,317,17,328
793,262,32,0,662,29,512
795,262,32,1,662,29,512
818,68,32,2,1316,5,692
1065,578,32,0,45,0,19
1066,578,32,0,45,0,19
1074,427,32,0,597,44,546
200,277,33,1,1754,24,864
265,425,33,1,851,24,512
445,480,33,0,907,2,415
1060,604,33,1,770,18,1186
3,381,34,1,1984,26,1205
29,82,34,2,1115,94,1256
104,664,34,0,1040,5,580
156,44,34,2,468,70,440
191,372,35,12,3265,48,2438
197,402,35,2,874,13,673
218,639,34,3,2399,22,1362
231,639,35,1,966,54,885
268,326,34,1,1939,2,966
273,187,35,1,342,26,387
324,349,34,0,1261,16,768
328,632,35,8,1573,97,1818
348,577,35,0,146,4,124
434,502,35,0,129,4,119
449,529,34,3,1545,12,862
506,625,35,0,2141,16,1578
507,475,35,1,984,0,494
523,666,35,3,1735,12,1257
629,654,35,5,2098,33,1674
650,667,34,3,882,53,732
655,273,34,0,537,24,303
657,273,34,0,537,24,303
664,535,35,1,333,6,273
760,31,34,4,1443,146,1430
785,361,35,0,626,2,412
876,590,35,7,1590,116,1843
891,514,34,0,317,1,194
893,514,34,1,317,1,194
906,577,35,13,3520,56,2363
990,629,35,0,245,13,168
1008,479,35,1,3465,5,2568
1025,35,35,10,1405,99,1815
1075,73,35,0,1919,78,1635
1101,449,35,3,783,26,668
1103,547,34,2,441,27,657
1121,83,35,0,338,0,155
1122,83,35,0,338,0,155
1126,202,35,0,156,8,169
0,272,36,1,449,13,371
27,306,36,2,1609,135,1319
297,84,36,6,2067,20,1215
300,166,36,1,47,2,40
302,166,36,0,47,2,40
356,485,36,5,516,39,434
358,485,36,1,516,39,434
588,643,36,1,1525,3,905
633,366,36,0,296,21,300
653,222,36,1,563,12,391
710,52,36,1,400,4,266
712,52,36,0,400,4,266
715,603,36,0,275,13,417
717,603,36,1,275,13,417
781,412,36,6,1225,93,1266
963,409,36,0,499,6,288
1061,223,36,0,1157,26,801
1062,139,36,0,1551,5,1009
1115,108,36,3,971,95,969
48,672,37,2,2219,38,1675
136,620,38,0,317,2,159
148,185,37,0,143,8,132
151,635,37,3,2562,41,1946
153,620,38,1,1782,11,1066
193,466,37,2,1425,23,1038
195,460,37,6,2181,114,2031
229,546,38,4,1951,76,1142
266,70,38,1,1904,11,1089
385,100,38,0,178,11,297
391,76,38,1,388,37,304
415,388,38,0,1172,1,481
418,487,37,2,460,24,423
420,487,37,0,460,24,423
447,76,38,1,1074,84,1513
495,495,37,7,1429,25,1323
538,564,37,0,496,0,248
561,76,38,4,1374,23,997
568,214,37,7,909,48,911
663,367,37,0,427,0,318
732,235,37,1,535,44,571
782,388,38,1,730,14,450
805,45,38,1,1366,16,1409
806,45,38,1,1366,16,1409
839,546,38,0,874,7,536
853,246,38,2,1358,93,1240
872,497,37,1,340,5,247
877,561,37,0,1677,2,1220
899,494,37,1,994,29,781
944,308,37,0,203,9,140
969,276,37,0,1884,18,1386
978,489,37,0,850,4,717
980,489,37,0,850,4,717
1014,345,37,0,695,9,607
1016,345,37,0,695,9,607
114,273,39,3,2084,53,1351
161,508,39,2,941,42,858
347,577,39,0,1971,38,1139
386,179,39,1,745,39,463
486,434,39,0,1278,3,646
501,392,39,4,421,33,352
537,408,39,5,1149,39,1055
547,6,39,1,545,16,572
736,1,39,1,1268,5,625
763,630,39,3,850,107,1134
855,649,39,3,1382,29,800
1159,273,39,3,1735,41,1324
93,371,40,4,1161,120,1060
608,438,40,2,927,38,1329
144,472,41,0,712,10,468
214,21,41,"",910,64,1337
215,21,41,3,910,64,1337
239,487,41,5,1322,50,856
516,533,41,0,670,2,379
519,139,41,0,169,6,159
533,111,41,4,1283,56,1375
618,452,41,1,1084,16,697
639,241,41,3,1688,80,1415
933,409,41,0,25,0,29
935,11,41,1,292,2,183
1125,421,41,0,207,0,127
92,184,42,3,1229,17,985
101,302,42,0,466,41,449
141,358,42,0,1115,0,526
199,566,42,0,192,1,86
316,341,42,0,1870,27,1421
317,487,42,9,1526,58,1314
329,612,42,1,679,52,674
398,628,42,0,1973,14,1410
496,397,42,0,85,0,55
528,62,42,1,304,26,231
562,51,42,1,367,17,326
660,242,42,2,722,98,764
747,190,42,3,308,23,283
749,190,42,2,308,23,283
771,487,42,0,19,0,17
814,14,42,2,1748,9,1150
838,147,42,0,177,7,144
849,449,42,1,1111,10,834
986,631,42,5,915,41,789
988,631,42,0,915,41,789
1081,23,42,3,2129,31,1449
14,587,43,2,2417,76,1884
24,611,43,3,2588,10,1818
132,402,43,2,367,27,467
192,210,43,0,104,0,53
224,647,43,5,895,53,978
350,96,43,13,1562,97,1502
417,148,43,5,2007,27,1668
567,227,43,1,2161,12,1683
692,209,43,7,1987,90,1855
713,171,43,1,934,6,695
727,419,43,0,862,25,684
729,419,43,0,862,25,684
740,80,43,1,167,7,231
742,80,43,1,167,7,231
972,554,43,1,578,17,522
974,273,43,16,1924,164,1946
1033,636,43,10,2826,117,2341
1138,140,43,0,515,11,405
1155,544,43,0,709,7,504
10,314,44,6,1158,80,968
11,314,44,"",1158,80,968
154,381,44,2,1476,94,937
566,460,44,0,1732,14,1058
577,243,44,0,85,4,66
628,525,44,0,531,8,293
631,135,44,0,1512,11,829
638,359,44,1,581,24,766
642,101,44,0,55,0,35
811,652,44,0,810,16,508
831,382,44,4,1085,84,749
946,517,44,3,1234,78,1513
976,246,44,2,1079,108,1043
1048,487,44,0,1196,14,885
1068,174,44,2,897,20,533
1098,118,44,3,1626,47,1073
234,203,45,5,1126,108,1107
292,572,45,0,20,2,13
294,572,45,0,20,2,13
912,347,45,0,282,19,354
1059,346,45,0,18,3,20
30,565,46,1,2040,22,1197
58,55,46,0,227,4,119
60,2,46,3,992,32,732
87,491,46,4,1052,56,1007
257,325,46,0,702,35,974
258,325,46,0,702,35,974
261,325,46,3,702,35,974
262,325,46,3,702,35,974
334,451,46,3,1128,25,852
416,513,46,4,806,40,582
544,34,46,0,640,3,416
546,34,46,1,640,3,416
640,548,46,3,547,47,736
671,311,46,0,1565,4,986
735,673,46,0,373,0,187
803,419,46,1,589,10,499
883,0,46,3,895,26,545
916,575,46,0,322,7,213
1011,93,46,3,1415,21,1038
128,447,47,4,1000,26,845
245,142,47,2,916,30,635
375,487,47,0,369,25,364
377,487,47,0,369,25,364
585,582,47,1,1706,6,959
590,132,47,0,437,6,286
591,132,47,"",437,6,286
611,517,47,1,839,39,981
681,487,47,0,68,0,21
731,189,47,0,43,3,38
774,356,47,0,314,4,173
786,499,47,0,351,4,186
788,499,47,0,351,4,186
851,174,47,0,341,18,408
892,514,47,0,694,3,420
894,514,47,1,694,3,420
919,458,47,3,1032,50,773
923,272,47,0,548,9,280
927,194,47,0,1293,44,779
928,189,47,1,1001,12,730
964,638,47,1,948,35,744
1084,566,47,3,836,29,1014
1110,518,47,2,1454,33,942
38,53,48,1,836,40,1029
82,460,48,0,55,1,37
84,460,48,0,55,1,37
91,245,48,6,2268,96,1808
97,207,48,"",1352,88,916
98,207,48,1,1352,88,916
108,522,48,1,1298,6,835
160,522,48,0,851,18,602
426,533,48,2,1013,74,1286
520,107,48,0,1324,4,808
575,612,48,1,371,7,252
587,553,48,0,1227,42,818
690,536,48,0,1283,1,416
783,103,48,1,540,16,647
878,460,48,2,1245,30,905
1024,543,48,0,1539,6,1037
1132,614,48,3,1831,32,1342
8,618,49,3,1295,73,1018
34,623,49,0,245,2,170
88,212,49,1,1406,10,986
277,527,49,9,1337,65,1619
290,418,49,2,989,82,1129
335,601,49,1,1346,12,872
359,579,49,15,2663,105,2150
620,282,49,0,1,0,2
630,95,49,2,557,23,665
825,165,49,2,2365,17,1641
827,487,49,0,510,6,354
1119,626,49,0,1352,9,994
52,455,50,6,930,82,955
73,239,50,0,366,14,554
75,239,50,1,366,14,554
145,293,50,0,14,3,11
210,294,50,0,847,7,564
474,305,50,0,190,13,134
476,305,50,1,190,13,134
503,424,50,0,257,22,209
505,424,50,1,257,22,209
513,342,50,1,1685,12,1143
563,140,50,3,1451,29,884
625,261,50,2,1061,34,563
754,496,50,0,1089,8,699
761,476,50,0,381,7,296
982,90,50,1,315,43,303
984,90,50,0,315,43,303
1018,530,50,1,402,10,214
1123,484,50,5,902,8,471
1127,645,50,1,1016,16,672
1139,127,50,3,863,56,708
1140,127,50,"",863,56,708
165,473,51,1,349,16,535
166,541,51,3,2547,7,1737
232,416,51,3,1039,60,1030
286,284,51,0,1547,0,845
325,204,51,3,1063,70,1440
411,432,51,1,1485,34,1012
453,0,51,0,840,43,586
541,320,51,0,183,6,120
576,198,51,4,1222,19,1118
800,344,51,0,2247,43,1438
829,549,51,1,759,30,585
866,48,51,1,2175,14,1425
975,617,51,0,29,4,33
1107,500,51,0,326,30,196
1109,500,51,1,326,30,196
72,239,52,0,206,12,292
74,239,52,1,206,12,292
123,634,52,0,891,6,608
125,634,52,0,891,6,608
454,101,52,5,1068,106,1081
685,518,52,1,665,9,400
722,160,52,0,50,0,41
746,659,52,2,601,29,718
845,373,52,3,1831,44,1418
709,52,53,1,826,15,518
711,52,53,0,826,15,518
26,633,54,0,93,11,89
194,395,54,0,1081,40,610
241,30,54,0,944,27,624
276,456,54,3,1524,63,916
351,22,54,1,355,31,491
368,350,54,1,483,23,631
369,350,54,"",483,23,631
404,168,54,0,880,2,336
432,73,54,5,1288,66,1037
615,7,54,2,1261,13,752
723,598,54,0,591,6,310
738,640,54,4,1269,26,625
1035,258,54,0,178,18,223
1102,318,54,6,661,82,809
310,542,55,0,43,0,38
967,27,55,1,2036,25,1416
76,273,56,2,1483,38,1044
90,630,56,5,624,54,621
94,43,56,0,415,3,541
103,140,56,0,1642,0,1201
113,208,56,4,1026,101,1122
116,651,56,0,1449,2,1068
168,70,56,0,1134,0,646
236,577,56,4,779,42,695
244,578,56,1,424,27,395
291,87,56,2,2472,24,1862
367,246,56,6,3273,24,2231
521,534,56,0,1277,11,959
643,639,56,5,1757,77,1699
826,88,56,0,1398,46,1045
911,225,56,0,2291,12,1698
997,469,56,0,196,6,157
1063,674,56,1,145,2,147
1105,446,56,2,1313,19,928
1106,500,56,0,18,0,5
1108,500,56,1,18,0,5
1112,317,56,3,739,36,1076
50,255,57,1,724,56,702
111,161,57,2,1835,53,1656
184,570,57,0,233,1,186
209,378,57,2,2359,25,1997
254,135,57,0,899,6,676
296,257,57,5,2322,19,1907
345,119,57,1,2375,9,1858
400,383,57,2,2844,27,2254
442,158,57,2,1452,17,1341
457,25,57,0,170,3,157
459,25,57,0,170,3,157
471,337,57,2,1493,0,909
724,593,57,8,930,52,1146
725,593,57,8,930,52,1146
748,190,57,3,360,22,349
750,190,57,2,360,22,349
753,650,57,0,64,0,33
772,282,57,0,2996,9,2211
784,56,57,0,310,31,307
920,193,57,2,1904,68,1508
947,382,57,21,2615,274,2616
999,641,57,4,1408,37,1491
1092,524,57,2,481,16,452
1150,146,57,1,170,8,193
1152,146,57,0,170,8,193
35,404,58,1,939,44,1145
42,307,58,2,563,34,698
152,13,58,2,703,30,527
220,567,58,0,1522,11,886
278,156,58,0,293,11,387
299,166,58,1,402,33,348
301,166,58,0,402,33,348
320,142,58,"",511,1,317
321,142,58,0,511,1,317
437,492,58,1,1422,53,887
481,143,58,5,1128,52,818
509,420,58,0,387,0,235
701,51,58,1,1885,18,1218
936,521,58,0,568,7,367
948,303,58,1,852,64,927
954,64,58,0,42,3,84
956,64,58,0,42,3,84
1004,106,58,1,938,7,623
1006,106,58,0,938,7,623
1037,390,58,0,76,0,58
146,391,59,2,923,59,1328
177,587,59,1,1537,67,1123
180,646,59,4,1190,114,1201
196,310,59,0,1840,22,1423
280,269,59,0,1139,15,667
281,269,59,0,1139,15,667
402,88,59,5,2057,73,1297
409,67,59,2,772,50,611
448,85,59,0,238,3,168
455,530,59,0,77,3,46
569,379,59,0,682,22,428
571,379,59,0,682,22,428
654,273,59,0,244,4,177
656,273,59,0,244,4,177
695,612,59,1,351,26,342
768,399,59,2,1035,5,723
913,153,59,4,1132,63,1102
951,382,59,2,1233,68,951
968,145,59,0,1791,11,1210
1064,500,59,0,320,10,171
483,373,60,1,1378,16,810
696,419,60,0,45,1,34
1003,550,60,4,1234,69,1061
217,448,61,0,626,15,429
308,66,61,1,518,4,380
330,136,61,3,1379,82,1239
331,136,61,3,1379,82,1239
433,40,61,0,971,34,660
456,25,61,0,471,23,436
458,25,61,0,471,23,436
484,383,61,0,453,19,386
488,288,61,2,524,37,739
542,5,61,0,84,2,87
733,54,61,6,2529,71,2155
816,477,61,1,2001,19,1338
846,225,61,4,1524,127,1486
908,636,61,0,1232,0,579
995,357,61,0,702,17,579
1001,646,61,6,2008,41,1339
1002,646,61,6,2008,41,1339
1087,465,61,3,1227,23,939
1142,385,61,0,2047,9,1479
44,287,62,5,2672,81,2102
56,545,62,3,2244,46,1626
86,177,62,0,515,0,362
240,268,62,7,1908,41,1473
246,181,63,0,1289,0,598
361,436,62,0,2365,6,1804
491,79,63,1,1523,65,878
497,419,63,0,7,1,7
560,297,62,1,1397,48,1176
634,563,62,0,1372,22,1037
635,563,62,0,1372,22,1037
636,468,63,6,942,47,749
683,9,63,0,470,1,308
687,181,63,2,831,19,677
703,181,63,0,692,30,580
705,181,63,5,692,30,580
726,419,62,0,204,10,170
728,419,62,0,204,10,170
769,79,63,0,884,8,529
779,609,63,1,1472,7,866
858,532,63,2,1589,18,1089
863,46,63,3,1739,40,1124
874,483,63,0,16,2,13
945,478,62,0,1796,1,1257
994,657,62,5,1761,87,1930
1009,613,62,6,1884,110,1740
1021,569,63,0,901,42,532
1032,439,62,1,358,1,270
1058,156,62,0,126,0,90
1086,414,62,1,901,43,846
1088,162,62,1,904,23,850
1089,162,62,1,904,23,850
1148,435,63,1,249,6,221
45,217,64,2,480,28,446
51,377,64,0,151,10,180
107,340,64,0,90,7,99
133,494,64,7,847,41,1047
205,132,64,0,63,4,38
327,600,64,2,589,10,819
530,403,64,1,981,19,666
730,215,64,0,1184,29,859
819,668,64,1,2028,7,1344
880,591,64,0,172,2,101
901,662,64,1,1365,19,942
929,301,64,0,956,8,663
958,180,64,6,1914,19,1272
1045,75,64,2,651,63,612
1156,403,64,0,932,28,816
32,15,65,0,2428,13,1813
39,139,65,5,1316,35,1135
100,131,65,0,1153,0,575
119,172,65,1,212,13,142
121,172,65,0,212,13,142
163,433,65,0,803,2,555
170,446,65,0,354,5,243
171,446,65,0,354,5,243
198,88,65,0,142,0,62
247,266,65,3,1489,72,1093
267,422,65,0,63,7,65
289,480,65,1,203,8,218
313,295,65,5,2739,57,1976
338,213,65,3,2615,33,1829
405,282,65,0,23,2,31
427,494,65,2,1212,13,946
463,581,65,5,2736,27,2259
478,225,65,8,1688,72,2018
609,559,65,0,648,48,687
682,179,65,1,1949,16,1366
689,586,65,2,1002,54,986
699,96,65,3,787,66,803
721,152,65,2,618,30,644
1147,556,65,1,708,21,636
89,347,66,2,1813,16,832
109,440,66,1,1130,8,520
130,20,66,4,1211,13,643
159,283,66,0,435,17,706
304,365,66,0,410,7,276
314,128,66,6,2081,23,1379
319,573,66,1,805,42,1093
344,129,66,1,763,20,1314
395,516,66,0,254,1,121
487,531,66,0,1229,35,788
597,583,66,1,1609,7,815
658,26,66,2,780,48,603
898,526,66,1,1321,39,657
1120,576,66,1,249,8,216
1144,663,66,6,1700,135,1236
6,446,67,3,1136,37,1632
96,256,67,0,508,2,220
127,49,67,5,1818,48,1350
228,636,67,1,145,1,202
269,139,67,1,1170,33,489
274,396,67,3,837,34,1123
389,593,67,1,1363,43,722
522,4,67,0,155,1,65
613,446,67,0,1217,0,303
616,394,67,4,611,50,447
651,16,67,0,1170,28,640
828,139,67,4,1775,36,807
1051,139,67,0,169,0,69
1053,139,67,0,169,0,69
1038,216,68,0,1125,0,372
112,147,69,7,926,25,1064
138,172,69,0,280,45,272
147,246,69,0,754,13,481
227,332,69,0,975,1,520
252,264,69,0,475,4,344
275,439,69,0,45,1,24
305,335,69,3,703,65,678
406,159,69,1,1954,29,1388
410,330,69,0,203,1,150
472,271,69,0,543,8,337
498,41,69,6,1904,94,1582
603,388,69,0,790,12,558
604,279,69,1,497,42,728
670,290,69,0,1944,0,1396
830,446,69,1,1842,8,1291
921,246,69,1,2407,58,1921
960,459,69,1,764,19,946
1094,18,69,0,9,0,8
1096,18,69,2,9,0,8
1124,172,69,1,1145,5,722
9,273,70,2,1067,11,610
473,494,70,2,1521,41,1038
540,283,70,2,1694,14,997
619,372,70,3,1105,69,826
676,31,70,0,225,15,311
734,236,70,0,671,0,205
780,31,70,6,2029,120,1776
852,273,70,0,1024,14,549
993,445,70,0,1013,20,572
1027,446,70,0,427,0,176
1029,446,70,0,427,0,176
1161,37,70,4,843,56,912
124,634,71,0,945,4,694
126,634,71,0,945,4,694
134,73,71,0,45,0,40
149,631,71,1,309,24,404
230,192,71,3,724,10,610
272,240,71,2,770,54,737
371,270,71,0,14,1,13
373,270,71,8,14,1,13
461,505,71,1,588,7,403
468,109,71,0,908,4,637
525,102,71,0,1857,14,1156
531,226,71,3,1808,25,1278
551,296,71,0,246,5,139
667,104,71,4,1847,9,1403
719,112,71,1,992,96,1074
1158,230,71,0,94,14,163
1160,369,71,7,1686,73,1209
1162,151,71,3,2072,35,1467
172,470,72,2,589,12,605
182,415,72,0,166,3,113
349,474,72,7,1000,21,849
390,660,72,1,645,31,683
440,574,72,3,990,38,879
532,365,72,0,520,18,556
555,400,72,3,1178,35,952
580,97,72,6,1074,104,1399
672,280,72,0,1484,33,1016
679,291,72,4,2560,91,1570
691,338,72,0,87,1,52
694,98,72,7,1378,132,1557
822,397,72,0,2035,52,1478
841,599,72,0,836,17,508
843,599,72,4,836,17,508
885,498,72,6,1085,63,1097
961,122,72,1,2828,13,1959
962,144,72,0,78,0,49
996,267,72,0,116,0,68
1114,384,72,0,2308,8,1571
12,88,73,3,1035,101,1057
21,318,73,1,2662,10,2099
59,494,73,6,1071,69,1045
120,172,73,1,127,6,116
122,172,73,0,127,6,116
185,665,73,0,7,0,7
190,439,73,2,1857,0,1416
243,250,73,21,1650,45,1652
288,71,73,4,2803,32,2124
311,39,73,7,3149,43,2359
439,596,73,2,645,11,570
564,509,73,10,1468,107,1524
594,520,73,4,1203,106,1606
865,537,73,1,925,11,703
900,361,73,5,1092,29,922
952,321,73,5,2213,145,1449
1023,419,73,1,680,2,549
61,292,74,0,137,1,77
62,94,74,1,2435,14,1884
69,244,74,0,1192,2,977
183,282,74,0,785,7,645
242,559,74,0,1133,0,668
251,193,74,7,1687,64,1515
336,21,74,3,572,45,780
354,67,74,2,1419,31,1123
424,501,74,0,1100,4,866
435,446,74,2,2777,31,2266
556,122,74,4,2337,32,1769
565,572,74,9,1476,93,1367
804,86,74,1,1636,128,1688
813,646,74,7,916,73,1090
837,405,74,0,1295,63,970
1019,376,74,10,1702,50,1613
1034,196,74,20,2577,96,2180
1077,595,74,2,628,31,591
